Handle,Title,Body (HTML),Vendor,Product Category,Type,Tags,Published,Option1 Name,Option1 Value,Variant SKU,Variant Grams,Variant Inventory Tracker,Variant Inventory Qty,Variant Inventory Policy,Variant Fulfillment Service,Variant Price,Variant Compare At Price,Variant Requires Shipping,Variant Taxable,Image Src,Image Position,Image Alt Text,Gift Card,SEO Title,SEO Description,Variant Image,Variant Weight Unit,Variant Tax Code,Cost per item,Status,Collection
noir-intense,Noir Intense,"<p>A magnetic evening fragrance with bergamot, black pepper, cedarwood, amber, and musk.</p>",Mista Perfume,Health & Beauty > Personal Care > Cosmetics > Perfume & Cologne,Eau de Parfum,"Men, Woody, Amber, Best Seller",TRUE,Size,50 ml,MISTA-NOI-050,320,shopify,18,deny,manual,59,75,TRUE,TRUE,,,,FALSE,Noir Intense | Mista Perfume,Dark woods and warm amber create a confident signature scent.,,g,,22,active,Men
noir-intense,,,,,,,,Size,100 ml,MISTA-NOI-100,520,shopify,12,deny,manual,89,110,TRUE,TRUE,,,,FALSE,,,,g,,35,active,
oud-elegance,Oud Elegance,"<p>Refined oud balanced with saffron, rose, sandalwood, and a soft vanilla finish.</p>",Mista Perfume,Health & Beauty > Personal Care > Cosmetics > Perfume & Cologne,Eau de Parfum,"Unisex, Oud, Oriental, Best Seller",TRUE,Size,50 ml,MISTA-OUD-050,320,shopify,20,deny,manual,69,85,TRUE,TRUE,,,,FALSE,Oud Elegance | Mista Perfume,"A refined unisex oud fragrance with rose, saffron, and sandalwood.",,g,,27,active,Unisex
oud-elegance,,,,,,,,Size,100 ml,MISTA-OUD-100,520,shopify,14,deny,manual,99,125,TRUE,TRUE,,,,FALSE,,,,g,,42,active,
citrus-bleu,Citrus Bleu,<p>Bright grapefruit and bergamot meet marine woods for an energetic clean finish.</p>,Mista Perfume,Health & Beauty > Personal Care > Cosmetics > Perfume & Cologne,Eau de Parfum,"Men, Citrus, Marine, Best Seller",TRUE,Size,50 ml,MISTA-CIT-050,320,shopify,24,deny,manual,49,65,TRUE,TRUE,,,,FALSE,Citrus Bleu | Mista Perfume,"A fresh men’s fragrance with citrus, marine notes, and clean woods.",,g,,18,active,Men
citrus-bleu,,,,,,,,Size,100 ml,MISTA-CIT-100,520,shopify,16,deny,manual,79,95,TRUE,TRUE,,,,FALSE,,,,g,,29,active,
rose-allure,Rose Allure,"<p>Velvety rose petals, pink pepper, peony, and white musk with a modern luminous trail.</p>",Mista Perfume,Health & Beauty > Personal Care > Cosmetics > Perfume & Cologne,Eau de Parfum,"Women, Floral, Rose, Best Seller",TRUE,Size,50 ml,MISTA-ROS-050,320,shopify,22,deny,manual,55,70,TRUE,TRUE,,,,FALSE,Rose Allure | Mista Perfume,A modern rose perfume for women with peony and white musk.,,g,,20,active,Women
rose-allure,,,,,,,,Size,100 ml,MISTA-ROS-100,520,shopify,15,deny,manual,85,105,TRUE,TRUE,,,,FALSE,,,,g,,32,active,
amber-velvet,Amber Velvet,"<p>Golden amber and tonka bean wrapped in cinnamon, labdanum, and smooth sandalwood.</p>",Mista Perfume,Health & Beauty > Personal Care > Cosmetics > Perfume & Cologne,Eau de Parfum,"Unisex, Amber, Warm Spicy",TRUE,Size,50 ml,MISTA-AMB-050,320,shopify,18,deny,manual,65,80,TRUE,TRUE,,,,FALSE,Amber Velvet | Mista Perfume,A warm unisex amber perfume with tonka bean and sandalwood.,,g,,25,active,Unisex
amber-velvet,,,,,,,,Size,100 ml,MISTA-AMB-100,520,shopify,12,deny,manual,95,120,TRUE,TRUE,,,,FALSE,,,,g,,39,active,
floral-muse,Floral Muse,"<p>Jasmine and orange blossom float over creamy woods and a clean, elegant musk base.</p>",Mista Perfume,Health & Beauty > Personal Care > Cosmetics > Perfume & Cologne,Eau de Parfum,"Women, Floral, Jasmine",TRUE,Size,50 ml,MISTA-FLO-050,320,shopify,21,deny,manual,57,72,TRUE,TRUE,,,,FALSE,Floral Muse | Mista Perfume,"An elegant floral perfume with jasmine, orange blossom, and musk.",,g,,21,active,Women
floral-muse,,,,,,,,Size,100 ml,MISTA-FLO-100,520,shopify,14,deny,manual,87,108,TRUE,TRUE,,,,FALSE,,,,g,,33,active,
midnight-oud,Midnight Oud,"<p>Smoky oud, leather, incense, and dark patchouli blended for exceptional depth and longevity.</p>",Mista Perfume,Health & Beauty > Personal Care > Cosmetics > Perfume & Cologne,Extrait de Parfum,"Men, Oud, Leather, Intense",TRUE,Size,50 ml,MISTA-MID-050,320,shopify,16,deny,manual,75,95,TRUE,TRUE,,,,FALSE,Midnight Oud | Mista Perfume,An intense oud and leather extrait designed for evening wear.,,g,,31,active,Men
midnight-oud,,,,,,,,Size,100 ml,MISTA-MID-100,520,shopify,10,deny,manual,105,135,TRUE,TRUE,,,,FALSE,,,,g,,48,active,
signature-discovery-set,Signature Discovery Set,<p>Four 10 ml Mista fragrances selected to help you discover your signature scent.</p>,Mista Perfume,Health & Beauty > Personal Care > Cosmetics > Perfume & Cologne,Discovery Set,"Unisex, Discovery Set, Gift",TRUE,Size,4 × 10 ml,MISTA-DIS-040,280,shopify,30,deny,manual,45,55,TRUE,TRUE,,,,FALSE,Signature Discovery Set | Mista Perfume,Explore four Mista fragrances in a gift-ready discovery set.,,g,,16,active,Discovery Sets
